{
	"info": {
		"_postman_id": "15879fda-463a-44f0-b637-c849e15a56b4",
		"name": "Peliculas Api",
		"schema": "https://schema.getpostman.com/json/collection/v2.1.0/collection.json"
	},
	"item": [
		{
			"name": "Get all",
			"request": {
				"method": "GET",
				"header": [],
				"url": {
					"raw": "http://localhost:3000/api/movies/allMovies",
					"protocol": "http",
					"host": [
						"localhost"
					],
					"port": "3000",
					"path": [
						"api",
						"movies",
						"allMovies"
					]
				}
			},
			"response": []
		},
		{
			"name": "Get Movie by name",
			"request": {
				"method": "GET",
				"header": [],
				"url": {
					"raw": "http://localhost:3000/api/movies/getMovie/matrix",
					"protocol": "http",
					"host": [
						"localhost"
					],
					"port": "3000",
					"path": [
						"api",
						"movies",
						"getMovie",
						"matrix"
					]
				}
			},
			"response": []
		},
		{
			"name": "create movie",
			"request": {
				"method": "POST",
				"header": [],
				"body": {
					"mode": "raw",
					"raw": "",
					"options": {
						"raw": {
							"language": "json"
						}
					}
				},
				"url": {
					"raw": "http://localhost:3000/api/movies/Movie",
					"protocol": "http",
					"host": [
						"localhost"
					],
					"port": "3000",
					"path": [
						"api",
						"movies",
						"Movie"
					]
				}
			},
			"response": []
		},
		{
			"name": "update movie",
			"request": {
				"method": "PUT",
				"header": [],
				"url": {
					"raw": "http://localhost:3000/api/movies/Movie",
					"protocol": "http",
					"host": [
						"localhost"
					],
					"port": "3000",
					"path": [
						"api",
						"movies",
						"Movie"
					]
				}
			},
			"response": []
		},
		{
			"name": "delete movie",
			"request": {
				"method": "DELETE",
				"header": [],
				"url": {
					"raw": "http://localhost:3000/api/movies/Movie",
					"protocol": "http",
					"host": [
						"localhost"
					],
					"port": "3000",
					"path": [
						"api",
						"movies",
						"Movie"
					]
				}
			},
			"response": []
		}
	]
}